nome,cpf,habilidades_tecnicas,habilidades_especificas,habilidades_empoderamento,proficiencia,niveis,plano_acao
RODRIGO BRANDAO DA SILVA,3794992237,56%,100%,0%,58%,Atendimento Proativo I,Em definição
VILSON RICARDO CASTELINI,6845019967,100%,100%,90%,98%,Empoderamento II,Em definição
EVANGILDO NASCIMENTO,77678710534,0%,100%,0%,30%,Atendimento Básico,Em definição
MICHEL ANTONIO DA SILVA BORGES,24081514810,100%,100%,0%,80%,Atendimento Proativo II,Em definição
CLEDERSON BONFIM MIRANDA,893179205,94%,100%,68%,91%,Empoderamento II,Em definição
IVAN TEIXEIRA DOS SANTOS,6148337525,82%,100%,68%,85%,Empoderamento I,Em definição
JOSE HENRIQUE DA SILVA ALVES,10235018481,97%,100%,29%,84%,Empoderamento I,Em definição
ROBERTO DOS SANTOS SOBRINHO,8781993579,91%,100%,55%,87%,Empoderamento I,Em definição
RAFAEL RAIMUNDO DA SILVA REIS,11511368403,100%,50%,0%,65%,Atendimento Proativo I,Em definição
LEANDRO DE MATOS TROVAO,12034288718,88%,100%,58%,86%,Empoderamento I,Em definição
JOSE VICTOR SANTOS DE ANDRADE,12923571428,Sem dados,Sem dados,Sem dados,Sem dados,Sem dados,Em definição
MOISES SILVA DE BARROS,1613904207,Sem dados,Sem dados,Sem dados,Sem dados,Sem dados,Em definição
YOHAN ARGENIS PEREZ MACADAN,70481714219,Sem dados,Sem dados,Sem dados,Sem dados,Sem dados,Em definição
CHARLES FERREIRA DA SILVA,3329386975,100%,100%,42%,88%,Empoderamento I,Em definição
CARLOS ANDRE BISPO DE SOUSA SANTOS,4624208170,100%,0%,0%,50%,Atendimento Básico,Em definição
ROSIVAN SANTOS MIRANDA,5338801221,100%,100%,74%,95%,Empoderamento II,Em definição
FRANCISCO JAILSON DE FREITAS FERNANDES,8770932964,87%,96%,66%,86%,Empoderamento I,Em definição
KLEBER DOS SANTOS,2573723933,90%,92%,42%,81%,Empoderamento I,Em definição
MARIA DA CONCEICAO DOS SANTOS SILVA,10973500450,90%,88%,47%,81%,Empoderamento I,Em definição
RONISON DOS SANTOS SILVA,90988990210,100%,56%,0%,67%,Atendimento Proativo II,Em definição
